model_name,accuracy
CART,0.9478487614080835
Bagging,0.9641460234680573
Random Forest,0.9784876140808344
AdaBoost,0.9458930899608866
Gradient Boosting,0.9661016949152542
